centroid_y,centroid_x,mouse_id,frame
141.26750700280112,564.453781512605,1,0
343.3109170305677,81.16593886462883,2,0
141.26433566433568,564.4475524475524,1,1
343.2940663176265,81.16492146596859,2,1
141.26433566433568,564.4475524475524,1,2
343.2940663176265,81.16492146596859,2,2
141.26433566433568,564.4475524475524,1,3
343.2940663176265,81.16492146596859,2,3
141.26396648044692,564.4162011173185,1,4
343.2940663176265,81.16492146596859,2,4
141.17941585535465,564.461752433936,1,5
343.32897033158815,81.1326352530541,2,5
141.09052924791087,564.4623955431755,1,6
343.1659464131374,81.32497839239413,2,6
141.0873786407767,564.4133148404993,1,7
343.1483420593368,81.10558464223385,2,7
141.08864265927977,564.3684210526316,1,8
343.03094606542885,80.92749778956676,2,8
141.09405255878286,564.3374827109267,1,9
343.1975524475524,80.77622377622377,2,9
141.09695290858727,564.3836565096952,1,10
343.18570183086314,80.66608544027899,2,10
141.10911602209944,564.3245856353591,1,11
343.26140350877193,80.6421052631579,2,11
141.1006896551724,564.3020689655173,1,12
343.1573333333333,80.52533333333334,2,12
141.06740027510315,564.2407152682256,1,13
343.4284436493739,80.33184257602862,2,13
141.06858710562415,564.2537722908094,1,14
343.46222222222224,80.37244444444444,2,14
141.05442176870747,564.1455782312925,1,15
343.4855334538879,80.3996383363472,2,15
141.05479452054794,564.2767123287671,1,16
343.51630434782606,80.4538043478261,2,16
141.0614525139665,564.3980446927375,1,17
343.53164556962025,80.4113924050633,2,17
141.016713091922,564.4052924791087,1,18
343.46090909090907,80.35454545454546,2,18
141.03076923076924,564.434965034965,1,19
343.4509090909091,80.2990909090909,2,19
141.03347280334728,564.3793584379358,1,20
343.2601851851852,80.21851851851852,2,20
141.03337969401946,564.3616133518776,1,21
343.1847725162488,80.38068709377902,2,21
141.03337969401946,564.3880389429763,1,22
342.9534671532847,80.64598540145985,2,22
141.06013986013986,564.427972027972,1,23
342.96624087591243,80.74817518248175,2,23
141.06013986013986,564.427972027972,1,24
342.95545454545453,80.79636363636364,2,24
141.06013986013986,564.427972027972,1,25
342.95,80.78454545454545,2,25
141.05439330543933,564.3486750348675,1,26
342.9765342960289,80.86913357400722,2,26
141.06424581005587,564.3547486033519,1,27
342.9376130198915,80.89692585895118,2,27
141.0,564.271092669433,1,28
342.91923774954626,80.90834845735027,2,28
141.0178817056396,564.2242090784044,1,29
342.9388686131387,80.93248175182482,2,29
141.0096551724138,564.2372413793104,1,30
342.9551692589204,80.88746569075938,2,30
140.97256515775035,564.2633744855967,1,31
342.97069597069594,80.83058608058609,2,31
140.95610425240054,564.2606310013717,1,32
343.04478976234003,81.02650822669104,2,32
140.95890410958904,564.2301369863013,1,33
342.9212962962963,80.78425925925926,2,33
140.97560975609755,564.1314363143631,1,34
342.7239436619718,80.52582159624413,2,34
140.99865047233467,564.0499325236167,1,35
342.68173258003765,80.43785310734464,2,35
140.96879240162824,564.1424694708277,1,36
342.78409090909093,80.27272727272727,2,36
140.56845238095238,564.9702380952381,1,37
342.6976525821596,80.4225352112676,2,37
140.3826998689384,565.8912188728702,1,38
342.81371640407787,80.65894346617239,2,38
140.68625,565.56375,1,39
342.9147571035747,80.89459211732355,2,39
141.2731648616125,565.086642599278,1,40
342.9863263445761,80.99726526891523,2,40
141.74940334128877,564.9307875894988,1,41
343.047963800905,81.16108597285069,2,41
142.17350527549823,564.8405627198124,1,42
343.0325203252033,81.10207768744354,2,42
142.0332541567696,565.0047505938243,1,43
343.1530973451327,81.28849557522123,2,43
141.9748201438849,565.0995203836931,1,44
343.11329170383584,81.08206958073148,2,44
141.98443113772456,565.1173652694611,1,45
343.04122807017546,80.7140350877193,2,45
141.9415274463007,564.9236276849642,1,46
343.2579505300353,80.46201413427562,2,46
141.81347773766547,565.0529482551143,1,47
343.2720848056537,80.33303886925795,2,47
141.80239520958085,565.0119760479042,1,48
343.3625987708516,80.39332748024583,2,48
141.41829268292682,565.1573170731707,1,49
343.46254355400697,80.45644599303135,2,49
141.04780361757105,565.5865633074935,1,50
343.65437392795883,80.49742710120069,2,50
140.51478494623655,565.9045698924731,1,51
343.75341296928326,80.5665529010239,2,51
139.83172413793105,566.4896551724138,1,52
343.94444444444446,80.82239057239057,2,52
139.5284090909091,566.8494318181819,1,53
343.9571068124474,81.10513036164845,2,53
139.45685997171145,566.9080622347949,1,54
343.9739932885906,81.18540268456375,2,54
139.68119891008175,566.6689373297003,1,55
343.9279128248114,81.26739312657166,2,55
139.497311827957,566.6505376344086,1,56
343.8092386655261,81.16852010265184,2,56
139.4029451137885,566.6840696117805,1,57
343.73136915077987,80.96187175043327,2,57
139.4320323014805,566.6756393001345,1,58
343.7393570807993,80.9748045178106,2,58
139.53036437246965,566.7476383265857,1,59
343.6029929577465,80.8169014084507,2,59
139.44058744993325,566.7543391188251,1,60
343.6253321523472,80.69087688219663,2,60
139.4300932090546,566.7043941411451,1,61
343.61743772241994,80.60765124555161,2,61
139.40666666666667,566.664,1,62
343.5098920863309,80.44334532374101,2,62
139.40974967061925,566.5151515151515,1,63
343.43336355394376,80.3970988213962,2,63
139.39947437582128,566.4862023653088,1,64
343.4746835443038,80.39330922242314,2,64
139.38794233289647,566.437745740498,1,65
343.57833482542526,80.3876454789615,2,65
139.425,566.5105263157894,1,66
343.5718108831401,80.43800178412133,2,66
139.44459102902374,566.5369393139841,1,67
343.6875,80.59507042253522,2,67
139.467018469657,566.5382585751979,1,68
343.71366024518386,80.67863397548162,2,68
139.46965699208442,566.5171503957783,1,69
344.07613344739093,80.89991445680069,2,69
139.46465968586386,566.4541884816754,1,70
344.1683937823834,81.06735751295336,2,70
139.54616384915474,566.3550065019506,1,71
344.1291702309666,81.14456800684346,2,71
139.5045751633987,566.3830065359477,1,72
343.9362068965517,81.1051724137931,2,72
139.5910290237467,566.490765171504,1,73
343.77229437229437,81.01904761904763,2,73
139.57671957671957,566.4960317460317,1,74
343.6937014667817,80.74892148403796,2,74
139.5244385733157,566.54821664465,1,75
343.68706896551726,80.78103448275863,2,75
139.46225165562913,566.4794701986755,1,76
343.6758620689655,80.72413793103448,2,76
139.4761273209549,566.501326259947,1,77
343.6341673856773,80.64969801553063,2,77
139.52242744063324,566.5343007915567,1,78
343.49435273675067,80.5125977410947,2,78
139.5271523178808,566.5470198675497,1,79
343.5,80.3704347826087,2,79
139.53096179183134,566.5836627140975,1,80
343.4289428076257,80.37694974003466,2,80
139.52168199737187,566.5676741130092,1,81
343.36079791847357,80.3529921942758,2,81
139.56299212598427,566.5328083989501,1,82
343.3162467419635,80.33014769765421,2,82
139.54605263157896,566.5078947368421,1,83
343.31271777003485,80.32926829268293,2,83
139.5748031496063,566.505249343832,1,84
343.38062283737025,80.43079584775087,2,84
139.54868421052632,566.5473684210526,1,85
343.4351931330472,80.58712446351932,2,85
139.52349869451697,566.5156657963446,1,86
343.3676092544987,80.66923736075407,2,86
139.5235602094241,566.4973821989529,1,87
343.2078260869565,80.36260869565217,2,87
139.51171875,566.4739583333334,1,88
343.07012987012985,80.25627705627706,2,88
139.50913838120104,566.5456919060052,1,89
342.92489082969433,80.0532751091703,2,89
139.5313315926893,566.5979112271541,1,90
342.8200175592625,79.88059701492537,2,90
139.5448634590377,566.5760728218465,1,91
342.6455584872471,79.9217238346526,2,91
139.53955901426718,566.5252918287938,1,92
342.60994764397907,80.08987783595113,2,92
139.5699481865285,566.4753886010362,1,93
342.5231441048035,80.13711790393013,2,93
139.57956015523934,566.4307891332471,1,94
342.5043630017452,80.2478184991274,2,94
139.57956015523934,566.4307891332471,1,95
342.61652173913046,80.39391304347826,2,95
139.57956015523934,566.4307891332471,1,96
342.8227194492255,80.49655765920826,2,96
139.57956015523934,566.4307891332471,1,97
342.8778821520068,80.64133219470538,2,97
139.56735751295338,566.4274611398964,1,98
343.09527824620574,80.69308600337268,2,98
139.56160830090792,566.4228274967575,1,99
343.171768707483,80.74829931972789,2,99
139.57757496740547,566.4041720990873,1,100
342.92487046632124,80.54317789291882,2,100
139.54226267880364,566.3420026007802,1,101
342.8015530629853,80.43313201035376,2,101
139.57942708333334,566.3997395833334,1,102
342.69965277777777,80.36197916666667,2,102
139.58322580645162,566.2296774193549,1,103
342.8327586206897,80.43706896551724,2,103
139.57956015523934,566.3053040103492,1,104
342.9,80.48608695652175,2,104
139.5798969072165,566.2860824742268,1,105
342.9271636675236,80.50556983718937,2,105
139.61211340206185,566.2783505154639,1,106
343.10941475826974,80.73112807463953,2,106
139.61211340206185,566.2603092783505,1,107
343.17866215071973,80.79424216765453,2,107
139.5904392764858,566.2635658914729,1,108
343.0376390076989,80.58853721129171,2,108
139.5858064516129,566.2890322580645,1,109
342.9931330472103,80.52789699570816,2,109
139.5880829015544,566.3147668393782,1,110
343.09726962457336,80.53071672354949,2,110
139.5692108667529,566.3221216041397,1,111
343.1307692307692,80.57094017094018,2,111
139.53686934023287,566.3622250970246,1,112
343.14383561643837,80.55051369863014,2,112
139.5142487046632,566.3652849740932,1,113
343.173801369863,80.50599315068493,2,113
139.55483870967743,566.2903225806451,1,114
343.20804794520546,80.56592465753425,2,114
139.56829896907217,566.2628865979382,1,115
343.71013289036546,80.98504983388705,2,115
139.5721649484536,566.3015463917526,1,116
343.8727272727273,81.07355371900826,2,116
139.59536082474227,566.3079896907217,1,117
344.3816425120773,81.27858293075684,2,117
139.58322580645162,566.3277419354839,1,118
344.672,81.484,2,118
139.5588615782665,566.385510996119,1,119
344.74980079681274,81.50597609561753,2,119
139.5601552393273,566.3712807244502,1,120
344.83971291866027,81.52791068580542,2,120
139.5614489003881,566.3544631306597,1,121
345.0876777251185,81.62559241706161,2,121
139.5818181818182,566.3636363636364,1,122
345.3129890453834,81.69640062597809,2,122
139.53032258064516,566.3406451612904,1,123
345.3296875,81.6984375,2,123
139.51808785529715,566.3488372093024,1,124
345.405682715075,81.73322809786899,2,124
139.5006485084306,566.4708171206225,1,125
345.5249406175772,81.68883610451306,2,125
139.52910737386804,566.4540750323415,1,126
345.73779527559054,81.96771653543307,2,126
139.50777202072538,566.4378238341969,1,127
345.9024390243902,82.18804091266719,2,127
139.51033591731266,566.4108527131783,1,128
345.9511426319937,82.29944838455476,2,128
139.52,566.4154838709677,1,129
345.8616852146264,82.27503974562798,2,129
139.55,566.3166666666667,1,130
345.7832,82.2808,2,130
139.5771208226221,566.2776349614396,1,131
345.78358809332263,82.19469026548673,2,131
139.58793324775354,566.2477535301668,1,132
346.1472440944882,82.24409448818898,2,132
139.58205128205128,566.2948717948718,1,133
346.17216981132077,82.29009433962264,2,133
139.62117346938774,566.219387755102,1,134
346.3614551083591,82.59907120743034,2,134
139.5969387755102,566.3073979591836,1,135
346.6594427244582,82.92105263157895,2,135
139.57687420584497,566.2757306226175,1,136
346.7606177606178,82.98918918918919,2,136
139.58396946564886,566.2913486005089,1,137
347.0225155279503,83.17857142857143,2,137
139.59593392630242,566.271918678526,1,138
347.1857031857032,83.28360528360528,2,138
139.60432569974554,566.2888040712468,1,139
347.27672955974845,83.44339622641509,2,139
139.60432569974554,566.2888040712468,1,140
347.50851393188856,83.71749226006192,2,140
139.60432569974554,566.2888040712468,1,141
347.70814132104454,83.92626728110599,2,141
139.61118170266835,566.2579415501906,1,142
348.01363636363635,84.3030303030303,2,142
139.61118170266835,566.2579415501906,1,143
348.3530291697831,84.51009723261032,2,143
139.61118170266835,566.2579415501906,1,144
348.43684210526317,84.58872180451128,2,144
139.61118170266835,566.2579415501906,1,145
348.36009174311926,84.31116207951071,2,145
139.61118170266835,566.2579415501906,1,146
348.38266871165644,84.22776073619632,2,146
139.61118170266835,566.2579415501906,1,147
348.85714285714283,84.6761406133134,2,147
139.61118170266835,566.2579415501906,1,148
349.1248153618907,85.19128508124076,2,148
139.61118170266835,566.2579415501906,1,149
349.8012912482066,86.08393113342898,2,149
139.6045627376426,566.2585551330799,1,150
350.77528901734104,86.69219653179191,2,150
139.6045627376426,566.2585551330799,1,151
351.44236311239194,87.14409221902017,2,151
139.6045627376426,566.2585551330799,1,152
352.11730629978274,87.76900796524258,2,152
139.58481012658228,566.2620253164557,1,153
352.4967272727273,87.95563636363636,2,153
139.5766793409379,566.2686945500634,1,154
353.47710487444607,87.57976366322009,2,154
139.55696202531647,566.2708860759494,1,155
353.72747580044677,87.88384214445271,2,155
139.55696202531647,566.2708860759494,1,156
353.44947209653094,88.7579185520362,2,156
139.56273764258555,566.2750316856781,1,157
353.0443942814146,88.99021820917983,2,157
139.58280657395701,566.2313527180784,1,158
353.02188679245285,88.9388679245283,2,158
139.61034047919293,566.2080706179066,1,159
352.95523520485585,88.7268588770865,2,159
139.61034047919293,566.2080706179066,1,160
352.8045627376426,88.55285171102662,2,160
139.60353535353536,566.239898989899,1,161
352.59877017678707,88.42813220599538,2,161
139.60353535353536,566.239898989899,1,162
352.391975308642,88.36496913580247,2,162
139.60353535353536,566.239898989899,1,163
352.1837048424289,88.46733282090699,2,163
139.59165613147914,566.259165613148,1,164
352.00525525525524,88.64114114114115,2,164
139.5723350253807,566.2893401015228,1,165
351.92486851990986,88.58677685950413,2,165
139.5746835443038,566.2506329113924,1,166
351.98146775389176,88.60415122312824,2,166
139.56637168141592,566.2338811630847,1,167
352.2639296187683,88.84384164222874,2,167
139.56637168141592,566.2338811630847,1,168
352.3577712609971,89.05058651026393,2,168
139.55934343434345,566.2310606060606,1,169
352.5105454545455,88.976,2,169
139.55359394703657,566.2143757881463,1,170
352.55628177196803,88.98910675381264,2,170
139.55359394703657,566.2143757881463,1,171
352.4878587196468,88.87270051508462,2,171
139.52970922882426,566.2035398230089,1,172
352.53397341211223,88.74002954209749,2,172
139.47582697201017,566.2430025445293,1,173
352.42717717717716,88.27552552552552,2,173
139.36282051282052,566.3025641025641,1,174
352.00970873786406,87.76699029126213,2,174
139.37772087067862,566.2983354673496,1,175
351.95957284515634,87.24866514111365,2,175
139.37772087067862,566.2983354673496,1,176
351.76661514683155,86.90417310664606,2,176
139.4771573604061,566.244923857868,1,177
351.75583203732504,86.78849144634526,2,177
139.4771573604061,566.244923857868,1,178
351.8932411674347,87.02380952380952,2,178
139.4771573604061,566.244923857868,1,179
351.95433789954336,87.26636225266363,2,179
139.4866581956798,566.2642947903431,1,180
351.95281582952816,87.27016742770168,2,180
139.4866581956798,566.2642947903431,1,181
352.2094594594595,87.66891891891892,2,181
139.4866581956798,566.2642947903431,1,182
352.2994772218073,87.78267363704256,2,182
139.49491094147584,566.2748091603054,1,183
352.37061894108876,87.94780014914244,2,183
139.5127551020408,566.3073979591836,1,184
352.5132158590308,88.2511013215859,2,184
139.48852040816325,566.2984693877551,1,185
352.4424908424908,88.26813186813187,2,185
139.48025477707006,566.2777070063694,1,186
352.47337709700946,88.3668854850474,2,186
139.47837150127228,566.2849872773537,1,187
352.43140132061626,88.25238444607483,2,187
139.46692111959288,566.3167938931298,1,188
352.4435424354244,88.04575645756458,2,188
139.51399491094148,566.2824427480916,1,189
352.3231114435303,87.962602842184,2,189
139.5707006369427,566.3197452229299,1,190
352.2565249813572,87.99850857568978,2,190
139.50254452926208,566.263358778626,1,191
351.91960931630354,88.02479338842976,2,191
139.46683673469389,566.281887755102,1,192
351.7759146341463,87.91692073170732,2,192
139.46683673469389,566.281887755102,1,193
351.5641813989239,87.7478862413528,2,193
139.45732484076433,566.2662420382165,1,194
351.48735632183906,87.70114942528735,2,194
139.41116751269035,566.241116751269,1,195
351.57296466973884,87.73502304147465,2,195
139.4554707379135,566.1221374045801,1,196
351.5983037779491,87.8750963762529,2,196
139.4108723135272,566.1921618204804,1,197
351.28267716535436,87.41102362204724,2,197
139.46608040201005,566.1394472361809,1,198
350.7881219903692,86.74317817014446,2,198
139.45169385194478,566.1317440401506,1,199
350.6526655896607,86.47172859450727,2,199
139.42893081761005,566.1710691823899,1,200
350.5524193548387,86.21612903225807,2,200
139.3894472361809,566.2437185929648,1,201
350.2734693877551,85.34122448979592,2,201
139.37531486146096,566.2619647355164,1,202
350.26683087027914,84.688013136289,2,202
139.4090338770389,566.198243412798,1,203
350.37560975609756,84.68211382113822,2,203
139.42428035043804,566.1364205256571,1,204
350.69498381877025,84.66585760517799,2,204
139.43538268506902,566.1706398996236,1,205
350.98942229454843,84.75915378356387,2,205
139.39672544080605,566.2078085642318,1,206
351.1951219512195,84.3219512195122,2,206
139.38685208596712,566.2490518331226,1,207
351.1761363636364,83.58603896103897,2,207
139.37027707808565,566.2002518891687,1,208
351.2802907915993,83.6470113085622,2,208
139.39798488664988,566.2267002518892,1,209
351.21150729335494,84.24959481361427,2,209
139.3846153846154,566.2509457755359,1,210
351.1701954397394,84.49022801302931,2,210
139.3590391908976,566.2515802781289,1,211
350.45853658536583,84.7520325203252,2,211
139.3590391908976,566.2515802781289,1,212
350.2230215827338,84.89368505195843,2,212
139.3904282115869,566.227959697733,1,213
350.13895582329314,85.05301204819277,2,213
139.44374209860936,566.2402022756005,1,214
349.956590370955,85.63299131807419,2,214
139.42676767676767,566.2335858585859,1,215
349.8698683191325,86.48954298993029,2,215
139.40983606557376,566.2257250945776,1,216
349.6952455183164,87.14809041309431,2,216
139.46700507614213,566.3274111675127,1,217
349.2389105058366,87.66614785992218,2,217
139.47776365946632,566.3176620076239,1,218
349.15842349304484,88.37326120556415,2,218
139.49171974522292,566.2840764331211,1,219
349.0433101314772,88.65970610982212,2,219
139.46658259773014,566.1916771752838,1,220
348.89164086687305,88.77321981424149,2,220
139.27551020408163,566.219387755102,1,221
348.8496420047733,89.08512330946698,2,221
139.21146496815285,566.1324840764331,1,222
348.6715566422168,88.85737571312143,2,222
139.20229007633588,566.1323155216285,1,223
348.38398018166805,88.19983484723369,2,223
139.0522193211488,566.1906005221932,1,224
347.97581317764804,87.98999165971642,2,224
138.68668407310705,566.251958224543,1,225
347.94925124792013,87.99500831946756,2,225
138.55626598465474,566.0447570332481,1,226
347.44462674323216,87.9909762100082,2,226
138.3780332056194,566.066411238825,1,227
347.49876543209876,87.90699588477366,2,227
138.1748427672956,566.1094339622641,1,228
347.51903973509934,87.72102649006622,2,228
138.02579852579854,566.3746928746929,1,229
347.65365448504986,87.61960132890366,2,229
137.82912154031288,566.6161251504212,1,230
347.67563025210086,87.37058823529412,2,230
137.2957422324511,566.692750287687,1,231
347.6737288135593,87.19830508474577,2,231
137.18202502844142,567.0329920364051,1,232
347.6254208754209,87.21885521885523,2,232
137.08134490238612,567.2917570498915,1,233
347.66442953020135,87.38674496644295,2,233
137.36120042872454,567.7792068595927,1,234
347.8001651527663,87.69199009083403,2,234
137.16004296455424,567.9978517722878,1,235
347.85876623376623,88.00811688311688,2,235
137.26766595289078,568.3640256959314,1,236
347.87854251012146,88.23562753036437,2,236
137.43899782135077,568.7755991285403,1,237
347.98476343223734,88.36567762630312,2,237
137.28969957081546,568.6652360515021,1,238
347.9546899841018,88.59538950715421,2,238
137.36882546652032,568.9802414928649,1,239
347.9626093874304,88.57756563245823,2,239
137.26499454743728,568.856052344602,1,240
347.98180379746833,88.6242088607595,2,240
137.3194748358862,568.9245076586433,1,241
347.9691699604743,88.62845849802372,2,241
137.248087431694,568.9486338797814,1,242
347.97077409162716,88.6650868878357,2,242
137.3048245614035,568.9594298245614,1,243
348.0198098256735,88.71156893819334,2,243
137.32563256325633,568.9438943894389,1,244
348.0810166799047,88.71723590150913,2,244
137.34065934065933,568.9318681318681,1,245
348.0490118577075,88.86324110671937,2,245
137.34983498349834,568.935093509351,1,246
348.0472440944882,88.90314960629921,2,246
137.45082872928177,568.8861878453039,1,247
348.0472440944882,88.90314960629921,2,247
137.49334811529934,568.9268292682926,1,248
348.0472440944882,88.90314960629921,2,248
137.49557522123894,568.9369469026549,1,249
348.0472440944882,88.90314960629921,2,249
137.27813852813853,568.5768398268398,1,250
348.1248025276461,88.83649289099526,2,250
137.23491379310346,568.5905172413793,1,251
348.14050235478805,88.93171114599686,2,251
137.1793770139635,568.6133190118153,1,252
348.15342250196693,88.89614476789929,2,252
137.09625668449198,568.6,1,253
348.1631537861046,89.0023419203747,2,253
137.09625668449198,568.6,1,254
348.14039215686273,88.96156862745099,2,254
137.14978448275863,568.4924568965517,1,255
348.15830721003135,88.9921630094044,2,255
137.1342642320086,568.5102040816327,1,256
348.21209740769837,88.96072270227808,2,256
137.0951871657754,568.511229946524,1,257
348.49768518518516,89.29398148148148,2,257
137.11324786324786,568.5213675213676,1,258
349.42426470588236,90.11985294117648,2,258
137.11324786324786,568.5213675213676,1,259
350.93260869565216,91.36086956521739,2,259
137.0982905982906,568.517094017094,1,260
351.30703624733474,91.94527363184079,2,260
137.14393125671322,568.5757250268529,1,261
351.32122507122506,92.65099715099716,2,261
137.10576923076923,568.6143162393163,1,262
351.570323488045,93.5225035161744,2,262
137.09646302250803,568.6463022508038,1,263
352.0454232622161,95.14728148657949,2,263
137.09646302250803,568.6463022508038,1,264
352.38399462004037,97.01210490921318,2,264
137.09646302250803,568.6463022508038,1,265
352.8737737083061,98.46500981033356,2,265
137.14178302900106,568.6788399570354,1,266
353.56697612732097,99.7261273209549,2,266
137.13548387096773,568.694623655914,1,267
353.7931488801054,100.8201581027668,2,267
137.13548387096773,568.694623655914,1,268
354.08800521512387,101.72294654498045,2,268
137.17780172413794,568.7284482758621,1,269
354.2584415584416,102.90194805194805,2,269
137.19201725997843,568.722761596548,1,270
353.801652892562,102.45798898071625,2,270
137.140708915145,568.7132116004296,1,271
353.63128096249113,101.66454352441613,2,271
137.13412017167383,568.6931330472103,1,272
353.6214488636364,100.71661931818181,2,272
137.13412017167383,568.6931330472103,1,273
353.6202440775305,100.44580043072506,2,273
137.13412017167383,568.6931330472103,1,274
353.5778894472362,100.448671931084,2,274
137.16918103448276,568.6346982758621,1,275
353.7290184921764,100.49217638691323,2,275
137.17494600431965,568.6166306695465,1,276
353.5736040609137,99.88542422044961,2,276
137.15675675675675,568.6216216216217,1,277
353.5026099925429,99.06562266964951,2,277
137.1414686825054,568.6209503239741,1,278
353.6337295690936,99.00891530460625,2,278
137.1889250814332,568.6742671009772,1,279
353.65214180206794,99.17651403249631,2,279
137.10860215053762,568.6279569892473,1,280
353.89283128167995,99.69949312092686,2,280
137.14531754574813,568.6835306781486,1,281
353.9360594795539,99.55762081784387,2,281
137.14331896551724,568.6950431034483,1,282
353.86219879518075,99.12349397590361,2,282
137.27391304347827,568.7402173913043,1,283
353.80760456273765,98.77034220532319,2,283
137.26372443487622,568.7481162540366,1,284
353.5483870967742,98.48617511520737,2,284
137.24811218985977,568.7562028047465,1,285
353.43412033511044,98.35110434120335,2,285
137.2543103448276,568.7489224137931,1,286
353.5563114134543,98.44595616024188,2,286
137.26049515608182,568.7395048439182,1,287
353.6341829085457,98.64092953523239,2,287
137.23655913978496,568.6989247311828,1,288
354.024645257655,99.04256908140404,2,288
137.23655913978496,568.6989247311828,1,289
354.40117994100297,99.94026548672566,2,289
137.22269807280514,568.693790149893,1,290
354.85661764705884,100.73308823529412,2,290
137.22400857449088,568.6923901393354,1,291
354.9501488095238,100.43005952380952,2,291
137.24248927038627,568.6963519313305,1,292
355.1753484959648,100.34996331621423,2,292
137.38084874863983,568.5712731229597,1,293
355.18572469045887,100.39548434085943,2,293
137.34344528710727,568.6294691224268,1,294
355.2521613832853,100.47190201729107,2,294
137.34344528710727,568.6294691224268,1,295
355.31883024251067,100.50641940085592,2,295
137.1752688172043,568.5688172043011,1,296
355.5476858345021,100.5827489481066,2,296
137.15795206971677,568.6601307189543,1,297
355.6466113416321,100.70262793914246,2,297
137.15795206971677,568.6601307189543,1,298
356.03769705277585,101.0459218642906,2,298
137.15795206971677,568.6601307189543,1,299
356.3640081799591,101.33810497614179,2,299
137.09559613319013,568.5016111707841,1,300
356.4346629986245,101.1850068775791,2,300
137.08574490889603,568.465166130761,1,301
356.363321799308,101.01730103806229,2,301
137.12647374062166,568.4823151125402,1,302
356.47823082239114,101.06634416033172,2,302
137.11909871244634,568.4978540772532,1,303
356.6030323914542,101.3211578221916,2,303
137.10503751339763,568.4587352625938,1,304
356.75539083557953,101.94609164420486,2,304
137.09871244635193,568.4678111587983,1,305
356.878604963112,102.20590207914151,2,305
137.1907327586207,568.5269396551724,1,306
356.9782460910945,102.53772943575798,2,306
137.1907327586207,568.5269396551724,1,307
357.1293396868618,102.84002722940777,2,307
137.1907327586207,568.5269396551724,1,308
357.20405405405404,103.3108108108108,2,308
137.1516129032258,568.4935483870968,1,309
357.1937457511897,103.46295037389531,2,309
137.10944206008583,568.4613733905579,1,310
356.9614855570839,103.3101788170564,2,310
137.10944206008583,568.4613733905579,1,311
356.9066575154427,103.42210020590254,2,311
137.10944206008583,568.4613733905579,1,312
357.0204778156997,103.46962457337884,2,312
137.1225806451613,568.4279569892473,1,313
357.06042090970806,103.58384249830279,2,313
137.1225806451613,568.4279569892473,1,314
357.2138069705094,103.95308310991958,2,314
137.11385606874327,568.4425349087003,1,315
357.2462987886945,104.6049798115747,2,315
137.09625668449198,568.5187165775401,1,316
357.27542932628796,105.13540290620872,2,316
137.13612004287245,568.556270096463,1,317
357.16116248348743,105.45838837516513,2,317
137.13146551724137,568.5894396551724,1,318
357.07260726072604,105.65082508250825,2,318
137.11884368308353,568.5567451820128,1,319
357.1094890510949,105.95487723954878,2,319
137.1611170784103,568.5488721804511,1,320
356.70248488918736,105.4405641370047,2,320
137.20109289617486,568.6469945355191,1,321
356.6166892808684,105.03120759837178,2,321
137.37114537444933,568.75,1,322
356.4316151202749,104.78831615120275,2,322
137.36963696369637,568.7183718371837,1,323
356.3337979094077,104.57142857142857,2,323
137.30970556161395,568.8004362050164,1,324
355.86147186147184,104.04473304473305,2,324
137.28758169934642,568.7843137254902,1,325
355.5876211782252,102.94108873974646,2,325
137.28758169934642,568.7843137254902,1,326
355.11198120595145,100.85591229444009,2,326
137.25599128540304,568.7211328976035,1,327
354.54898911353035,98.87169517884915,2,327
137.25599128540304,568.7211328976035,1,328
354.4382183908046,97.55675287356321,2,328
137.27262813522356,568.6913849509269,1,329
354.52344827586205,97.73517241379311,2,329
137.2328618063112,568.6496191512514,1,330
354.3342877594846,97.12168933428777,2,330
137.19109663409338,568.6102062975027,1,331
353.8050266565118,95.70830159939071,2,331
137.25190839694656,568.5114503816794,1,332
353.9746153846154,94.71461538461539,2,332
137.22041259500543,568.5342019543974,1,333
354.2149460708783,94.6633281972265,2,333
137.20775026910655,568.4187298170075,1,334
354.2453703703704,94.60416666666667,2,334
137.2158968850698,568.3877551020408,1,335
354.19227738376674,94.0527974783294,2,335
137.20021528525297,568.4025834230355,1,336
354.192,93.4784,2,336
137.19806243272336,568.4015069967708,1,337
354.1530531324346,93.18715305313243,2,337
137.210355987055,568.3969795037756,1,338
354.14365522745413,92.92976855546688,2,338
137.17297297297299,568.3772972972973,1,339
354.2608695652174,92.52334943639292,2,339
137.33260393873084,568.5196936542669,1,340
354.25385239253853,92.08191403081914,2,340
137.4773980154355,568.5016538037486,1,341
354.4600326264274,91.77243066884176,2,341
137.625,568.487831858407,1,342
354.50940310711366,91.6091578086672,2,342
137.53685368536853,568.2926292629263,1,343
354.68714168714166,91.47174447174447,2,343
137.4570184983678,568.1730141458106,1,344
354.5852869846403,91.58690379951496,2,344
137.81132075471697,568.3285238623752,1,345
354.49367088607596,92.01424050632912,2,345
137.99655172413793,568.5793103448276,1,346
354.00866141732286,92.79133858267717,2,346
138.3674418604651,568.606976744186,1,347
353.43169398907105,93.46448087431693,2,347
138.3691037735849,568.496462264151,1,348
352.5814307458143,94.60730593607306,2,348
138.46315789473684,568.3578947368421,1,349
351.8369565217391,95.50698757763975,2,349
138.42136150234742,568.4201877934272,1,350
350.7330769230769,96.3076923076923,2,350
138.3711943793911,568.4156908665105,1,351
349.35839028094153,97.37585421412301,2,351
138.20949074074073,568.3738425925926,1,352
348.4950343773873,98.16653934300993,2,352
138.19399538106236,568.3337182448037,1,353
348.2191887675507,98.04914196567863,2,353
138.18800461361016,568.2779700115341,1,354
348.4236883942766,97.73449920508745,2,354
138.2016129032258,568.2695852534562,1,355
348.2121931908155,97.69754552652415,2,355
138.2122969837587,568.2784222737819,1,356
348.540192926045,97.31752411575563,2,356
138.28121353558927,568.3780630105017,1,357
348.74183006535947,97.26633986928104,2,357
138.2967289719626,568.4018691588785,1,358
348.78921568627453,97.38235294117646,2,358
138.30597889800703,568.430246189918,1,359
348.85842148087875,97.620016273393,2,359
138.25934579439252,568.3703271028037,1,360
348.84180790960454,97.88458434221145,2,360
138.32863849765258,568.5140845070423,1,361
348.8217426059153,98.1119104716227,2,361
138.33411764705883,568.6105882352941,1,362
348.90048154093097,98.19823434991974,2,362
138.4693140794224,568.7280385078219,1,363
348.8869286287089,98.24378508420209,2,363
138.6119221411192,568.9343065693431,1,364
348.8691141260974,98.31604150039904,2,364
138.56091676718938,568.8443908323281,1,365
348.58626328699916,98.49468520032707,2,365
138.49277108433736,568.7518072289157,1,366
348.56490384615387,98.84294871794872,2,366
138.44670658682634,568.7784431137725,1,367
348.49043062200957,98.88038277511961,2,367
138.3525179856115,568.7661870503597,1,368
347.9810126582278,99.29746835443038,2,368
138.3898916967509,568.8002406738868,1,369
347.71598101265823,99.45965189873418,2,369
138.38277511961724,568.7464114832536,1,370
347.01111993645753,99.92136616362193,2,370
138.3766388557807,568.6519666269369,1,371
346.93338748984564,99.85377741673436,2,371
138.3078730904818,568.6521739130435,1,372
347.0497512437811,99.56218905472637,2,372
138.33570581257413,568.5326215895611,1,373
347.1747491638796,99.36872909698997,2,373
138.359096313912,568.5969084423306,1,374
347.118487394958,99.41176470588235,2,374
138.3769322235434,568.5980975029727,1,375
347.18035563082134,99.307366638442,2,375
138.40357142857144,568.6071428571429,1,376
347.25972927241963,99.17174280879864,2,376
138.39952437574317,568.5826397146254,1,377
347.3446519524618,99.08913412563668,2,377
138.38179669030734,568.548463356974,1,378
347.38103302286197,99.07027942421676,2,378
138.38525564803805,568.5600475624257,1,379
347.35224386113464,99.04741744284505,2,379
138.35035629453682,568.603325415677,1,380
347.38279932546374,99.08600337268128,2,380
138.34515366430261,568.7009456264775,1,381
347.39427127211457,99.0480202190396,2,381
138.3270588235294,568.7188235294118,1,382
347.4226890756303,99.05546218487395,2,382
138.40380047505937,568.6532066508314,1,383
347.5392405063291,98.96877637130801,2,383
138.37322274881515,568.6836492890995,1,384
347.5998322147651,98.92785234899328,2,384
138.3871733966746,568.7339667458432,1,385
347.6557239057239,98.89057239057239,2,385
138.38424821002386,568.6587112171837,1,386
347.6635750421585,98.83811129848229,2,386
138.40096038415365,568.7635054021608,1,387
347.6598812553011,98.70144189991518,2,387
138.41826923076923,568.7860576923077,1,388
347.72527472527474,98.6348267117498,2,388
138.42512077294685,568.8743961352657,1,389
347.73715248525696,98.70345408593091,2,389
138.42358604091456,568.826714801444,1,390
347.72422464375524,98.77284157585918,2,390
138.41756919374248,568.8327316486161,1,391
347.7006745362563,98.8043844856661,2,391
138.45813397129186,568.7906698564593,1,392
347.5989890480202,98.89721988205561,2,392
138.44086021505376,568.7694145758662,1,393
347.4397993311037,98.92809364548495,2,393
138.4783653846154,568.7848557692307,1,394
347.25755033557044,98.70385906040268,2,394
138.46489104116222,568.8414043583535,1,395
346.9723154362416,98.65268456375838,2,395
138.5048426150121,568.8232445520581,1,396
346.80337552742617,98.69451476793249,2,396
138.4969696969697,568.8387878787879,1,397
346.77824267782427,98.76569037656904,2,397
138.5030303030303,568.8266666666667,1,398
347.19265306122446,98.88979591836734,2,398
138.444578313253,568.7975903614458,1,399
347.384430176565,99.52808988764045,2,399
138.3803827751196,568.6734449760766,1,400
347.6748417721519,100.43433544303798,2,400
138.39328537170263,568.6774580335731,1,401
348.09329221279876,101.11179645335389,2,401
138.35244922341695,568.6654719235364,1,402
348.5138784696174,101.65716429107277,2,402
138.38987043580684,568.510011778563,1,403
348.60487444608566,102.83234859675036,2,403
138.52251184834122,568.531990521327,1,404
348.5622222222222,102.96814814814815,2,404
138.6401925391095,568.6666666666666,1,405
348.50921149594694,103.15327929255712,2,405
138.62560975609756,568.4402439024391,1,406
348.4871039056743,103.24907885040531,2,406
138.97404202719406,568.5055624227441,1,407
348.4592145015106,102.78549848942598,2,407
139.06130268199234,568.9246487867177,1,408
348.5455950540958,102.05873261205564,2,408
138.975,568.445,1,409
348.83690658499233,101.75650842266462,2,409
139.002442002442,567.8778998778998,1,410
349.4471726190476,101.97470238095238,2,410
138.86511627906978,567.3046511627907,1,411
350.31304347826085,103.7427536231884,2,411
138.71460674157302,566.7078651685393,1,412
351.34761235955057,105.99719101123596,2,412
138.64551422319474,565.9529540481401,1,413
352.07377049180326,108.18374316939891,2,413
138.47362869198312,565.1097046413502,1,414
352.1583166332665,109.97929191716767,2,414
138.74089490114463,564.5671175858481,1,415
351.88535453943007,111.56129887342611,2,415
139.1416490486258,564.7706131078224,1,416
351.47984137475214,113.62458691341705,2,416
139.39701173959446,564.7054429028815,1,417
351.2298546895641,115.52840158520476,2,417
139.636563876652,565.0848017621146,1,418
351.106258148631,117.28487614080835,2,418
139.837528604119,565.3558352402746,1,419
351.21273801707156,118.59750492449113,2,419
139.97894736842105,565.4619883040936,1,420
351.5261479591837,120.28507653061224,2,420
139.87967289719626,565.4264018691589,1,421
352.47381546134665,121.85847880299252,2,421
139.76129779837774,565.135573580533,1,422
353.9776536312849,123.41216635630043,2,422
139.55769230769232,565.2454751131222,1,423
355.1065162907268,125.01691729323308,2,423
139.30306469920544,564.9262202043133,1,424
355.48315321042594,126.10171646535282,2,424
139.15402567094515,565.4935822637107,1,425
355.47712418300654,127.42745098039215,2,425
139.0,565.5903755868544,1,426
355.05179028132994,128.63938618925832,2,426
138.98552472858867,565.9650180940893,1,427
354.52608422375863,129.75738529226902,2,427
139.1950310559006,566.4521739130435,1,428
353.5272151898734,130.45569620253164,2,428
139.01990049751242,566.6318407960199,1,429
353.2150470219436,131.89592476489028,2,429
138.9747474747475,566.7537878787879,1,430
353.2179648241206,133.19158291457288,2,430
138.9165613147914,566.8546144121366,1,431
353.2496871088861,134.7753441802253,2,431
138.80721393034827,566.8457711442786,1,432
353.2252816020025,136.60951188986232,2,432
138.79553903345726,566.8785625774474,1,433
353.18485804416406,137.69400630914828,2,433
138.85678704856787,566.9713574097136,1,434
353.0412561576355,139.07758620689654,2,434
138.93173198482933,567.0113780025284,1,435
353.0963052695336,140.9291338582677,2,435
138.93173198482933,567.0113780025284,1,436
353.1771394374626,142.967684021544,2,436
138.8295739348371,566.9899749373434,1,437
353.23072289156624,144.2524096385542,2,437
138.8095238095238,567.0037593984962,1,438
353.68734939759037,145.90602409638555,2,438
138.82493702770782,567.0894206549118,1,439
354.13413858868404,146.9491417673236,2,439
138.78867924528302,567.0641509433963,1,440
354.8821635544108,148.04056664520283,2,440
138.71811224489795,567.359693877551,1,441
355.56225425950197,148.85255570117957,2,441
138.31618569636134,567.32747804266,1,442
355.6874589625739,149.23834537097832,2,442
138.26742712294043,567.6818757921419,1,443
355.84651791751185,149.8187964841109,2,443
138.4607329842932,568.42277486911,1,444
356.295967190704,150.5563909774436,2,444
138.29232804232805,568.9484126984127,1,445
357.120819112628,151.8136518771331,2,445
138.43682795698925,569.3333333333334,1,446
358.24261603375527,152.80590717299577,2,446
138.83875530410185,569.8161244695898,1,447
358.7360703812317,154.22140762463343,2,447
138.68247126436782,569.8376436781609,1,448
357.67923133776793,155.03843311160384,2,448
138.66051136363637,569.65625,1,449
356.9476327116212,156.26183644189382,2,449
138.58415841584159,569.6591230551627,1,450
356.753024911032,157.39217081850535,2,450
138.3545706371191,569.168975069252,1,451
356.7623626373626,158.82074175824175,2,451
138.33061224489796,568.9319727891157,1,452
357.188,160.51466666666667,2,452
138.23866666666666,568.508,1,453
357.62649800266314,162.5093209054594,2,453
138.01656050955415,567.947770700637,1,454
357.7807848443843,164.80311231393776,2,454
138.42612137203167,567.895778364116,1,455
357.65748031496065,166.70538057742783,2,455
138.7814569536424,567.6635761589404,1,456
357.51994767822106,168.4035317200785,2,456
138.9271523178808,567.5456953642384,1,457
356.96891191709847,170.3782383419689,2,457
139.4708276797829,567.4341926729986,1,458
356.87394957983196,172.59469941822883,2,458
139.96849315068494,567.0301369863014,1,459
356.92706333973126,174.89187460012795,2,459
141.0652463382157,566.9094540612516,1,460
356.5456936226167,179.89546351084812,2,460
141.81443298969072,566.8092783505155,1,461
357.3047238855622,181.10911510312707,2,461
142.20286085825748,566.5890767230169,1,462
358.2864583333333,182.90625,2,462
142.63671875,566.7526041666666,1,463
358.9632731958763,184.58247422680412,2,463
143.58375634517768,566.2005076142132,1,464
359.1795039164491,186.11227154046998,2,464
144.16189290161893,565.8717310087173,1,465
359.1987788331072,187.83582089552237,2,465
144.16189290161893,565.8717310087173,1,466
359.14256756756754,187.87297297297297,2,466
144.56815440289506,565.3232810615199,1,467
358.38930774503086,188.66620973269363,2,467
144.6726618705036,564.8752997601919,1,468
357.6120027913468,188.9092812281926,2,468
144.57125890736341,564.5320665083135,1,469
357.0904033379694,189.11891515994438,2,469
144.56869772998806,564.6821983273596,1,470
356.7243545010468,189.19330076762037,2,470
144.80048367593713,564.7146311970979,1,471
356.21813031161474,189.5956090651558,2,471
145.55953757225433,564.3826589595376,1,472
355.8539167254764,188.37050105857446,2,472
145.74914869466517,563.8989784335981,1,473
355.54901960784315,187.75280112044817,2,473
145.7558790593505,563.4087346024636,1,474
355.40889830508473,187.41242937853107,2,474
145.83825136612023,562.7901639344262,1,475
355.6332155477032,187.20565371024736,2,475
145.6601520086862,562.742671009772,1,476
355.7145892351275,186.99220963172806,2,476
145.78004291845494,562.6040772532189,1,477
355.79337094499294,186.89280677009873,2,477
145.7762312633833,562.6059957173447,1,478
355.82286520818633,186.94283697953423,2,478
145.77374599786552,562.5933831376734,1,479
355.79003558718864,186.80925266903915,2,479
145.7688172043011,562.9677419354839,1,480
355.78,186.7942857142857,2,480
145.75764192139738,563.3613537117903,1,481
355.51787016776075,186.62290299051787,2,481
145.7883131201764,563.4046306504962,1,482
355.4668630338733,186.4138438880707,2,482
145.8212669683258,563.5950226244344,1,483
355.4834193072955,186.2756079587325,2,483
145.72164948453607,563.9198167239405,1,484
354.9393019726859,185.62443095599394,2,484
145.5330243337196,564.0602549246813,1,485
354.78517397881996,185.4478063540091,2,485
145.47990543735224,564.25768321513,1,486
354.7681268882175,185.52794561933536,2,486
145.24191616766467,564.2646706586827,1,487
354.4880860876249,185.82859338970022,2,487
144.97488038277513,564.2320574162679,1,488
354.5891238670695,186.4259818731118,2,488
144.91626794258374,564.1973684210526,1,489
354.5507900677201,186.97441685477804,2,489
144.89021479713603,564.263723150358,1,490
354.62762762762765,187.54354354354354,2,490
144.92934131736527,564.1640718562875,1,491
354.47192716236725,187.78072837632777,2,491
144.92934131736527,564.1640718562875,1,492
354.58447488584477,187.93074581430747,2,492
144.9185628742515,564.1520958083833,1,493
354.8987052551409,188.18126428027418,2,493
144.8855780691299,564.1418355184744,1,494
354.75654853620955,187.84514637904468,2,494
144.91486810551558,564.3057553956835,1,495
354.68962787015045,187.33333333333334,2,495
144.89435774309723,564.3901560624249,1,496
354.73333333333335,186.48943089430895,2,496
145.10381861575178,564.4928400954653,1,497
354.79089376053963,185.48397976391232,2,497
145.3744019138756,564.7547846889952,1,498
355.3563416738568,184.7592752372735,2,498
145.3910411622276,565.0859564164649,1,499
355.45868465430016,184.49325463743676,2,499
145.24297924297923,565.2600732600732,1,500
355.996685998343,184.59320629660314,2,500
145.37254901960785,565.406862745098,1,501
356.0252854812398,184.7373572593801,2,501
145.47457627118644,565.318401937046,1,502
356.15555555555557,185.33968253968254,2,502
145.69632265717675,565.0450771055753,1,503
356.1778471138846,185.95475819032762,2,503
145.8766006984866,564.7916181606519,1,504
356.432350718065,186.4716553287982,2,504
145.97485714285713,564.5988571428571,1,505
356.7457627118644,187.16433308769345,2,505
146.15280898876404,564.4483146067415,1,506
356.9501488095238,187.46279761904762,2,506
146.41583054626534,564.3979933110368,1,507
356.7338461538462,187.22076923076924,2,507
146.53457738748628,564.2777167947311,1,508
356.68764389869534,187.2854950115119,2,508
146.53347969264544,564.5225027442372,1,509
356.7426192278577,187.48599545798638,2,509
146.6078860898138,564.6538882803943,1,510
356.47549770290965,187.31546707503827,2,510
146.85021551724137,564.6540948275862,1,511
356.1783243658724,187.13143735588008,2,511
146.90491452991452,564.5876068376068,1,512
356.0686498855835,187.18382913806255,2,512
147.13410770855333,564.441393875396,1,513
356.0076863950807,187.0630284396618,2,513
147.02315789473684,564.3105263157895,1,514
355.61424100156495,186.78012519561815,2,514
146.9375,564.4353448275862,1,515
354.8282111899133,186.7249802994484,2,515
146.7250821467689,564.6144578313254,1,516
354.0498054474708,186.97898832684825,2,516
146.44052863436124,564.8105726872246,1,517
353.671493902439,187.41615853658536,2,517
146.23863636363637,565.0022727272727,1,518
353.3446997776131,187.94292068198666,2,518
146.05593607305937,564.9600456621005,1,519
352.9697188175919,189.1715933669791,2,519
145.91106043329532,564.963511972634,1,520
352.92313067784767,191.5066387141859,2,520
146.03510758776898,564.8618346545867,1,521
353.54730203223545,193.45970567624386,2,521
145.9003436426117,564.8900343642612,1,522
353.6731436502429,194.33934767522553,2,522
145.9624145785877,564.742596810934,1,523
353.5331978319783,195.18428184281842,2,523
145.99438832772165,564.5196408529741,1,524
353.7212242182302,196.60878243512974,2,524
145.91609977324262,564.6360544217687,1,525
353.6979510905486,197.98678122934567,2,525
145.68281430219147,564.843137254902,1,526
353.6241565452092,198.99730094466938,2,526
145.6767441860465,564.6941860465116,1,527
353.34584450402144,199.61930294906165,2,527
145.31585220500597,564.7699642431465,1,528
353.132802124834,200.37915006640105,2,528
144.99638118214716,564.7032569360675,1,529
353.13052345343306,201.28484024473147,2,529
144.7779111644658,564.5654261704682,1,530
353.01169993117685,201.9057123193393,2,530
144.77541371158392,564.371158392435,1,531
353.02620396600565,202.47662889518415,2,531
145.05916473317865,563.9547563805104,1,532
353.31350954478705,201.73641703377388,2,532
145.08810068649885,563.683066361556,1,533
353.5601173020528,201.183284457478,2,533
145.0326209223847,563.451068616423,1,534
353.85714285714283,201.09839650145773,2,534
144.97975253093364,563.421822272216,1,535
354.14910394265235,201.38709677419354,2,535
144.9685393258427,563.4101123595506,1,536
354.29057406094967,201.7710843373494,2,536
144.87743413516608,563.7846506300115,1,537
354.0205237084218,202.1585279547063,2,537
144.78837209302327,564.1127906976744,1,538
353.9218194740583,202.36531627576403,2,538
144.81411764705882,564.3847058823529,1,539
353.9623846699787,202.65152590489708,2,539
144.69797859690846,564.6123662306777,1,540
353.8097982708934,202.78458213256485,2,540
144.33415841584159,565.1806930693069,1,541
353.4390591589451,202.9607982893799,2,541
144.44707347447073,565.3486924034869,1,542
353.26248216833096,203.03138373751784,2,542
144.5,565.4477611940298,1,543
353.2083936324168,203.14833574529666,2,543
144.72024539877302,565.2932515337424,1,544
353.28383321141183,203.41916605705924,2,544
145.00476758045292,565.1918951132301,1,545
353.3956678700361,204.0375451263538,2,545
145.28959810874704,565.1643026004729,1,546
353.5057803468208,204.41618497109826,2,546
145.11177884615384,565.4567307692307,1,547
353.81462333825704,204.40029542097489,2,547
145.15590742996346,565.7137637028014,1,548
353.8256746900073,204.9416484318016,2,548
145.16666666666666,565.6995133819952,1,549
353.8540305010893,205.27596223674655,2,549
144.95550061804698,565.8504326328801,1,550
354.09110947832477,205.7810433504776,2,550
144.88959390862945,566.1192893401015,1,551
354.0586956521739,205.99855072463768,2,551
145.25461254612546,565.9212792127921,1,552
354.0954142011834,206.11242603550295,2,552
145.54698795180724,565.744578313253,1,553
354.1750369276219,206.198670605613,2,553
145.8549346016647,565.5612366230678,1,554
354.09143686502176,206.61611030478954,2,554
145.98834498834498,565.2972027972028,1,555
354.2244897959184,206.76311953352769,2,555
146.31726457399103,564.8419282511211,1,556
354.42774566473986,206.96893063583815,2,556
146.75192096597146,564.7277716794731,1,557
354.70991253644314,206.81195335276968,2,557
147.01954397394138,564.7100977198697,1,558
354.71720116618076,206.81851311953352,2,558
147.41281512605042,564.6334033613446,1,559
354.77972283005107,206.82348650619986,2,559
147.96137787056367,564.8549060542797,1,560
354.73313782991204,207.03592375366568,2,560
148.17194092827003,565.1128691983122,1,561
354.7258883248731,207.62073966642495,2,561
148.3350895679663,565.3603793466807,1,562
354.8051391862955,208.1192005710207,2,562
148.38404255319148,565.4159574468085,1,563
354.73527272727273,208.5621818181818,2,563
148.3764458464774,565.1461619348055,1,564
354.5305371596762,208.57395143487858,2,564
148.48842105263157,564.8147368421053,1,565
354.31964152352504,208.16878267363705,2,565
148.60208333333333,564.5208333333334,1,566
354.2529761904762,207.97991071428572,2,566
148.43704474505722,564.4953173777316,1,567
354.2087667161961,207.8224368499257,2,567
148.36025504782145,564.5441020191286,1,568
354.03560830860533,207.776706231454,2,568
148.15219721329046,564.556270096463,1,569
353.98212956068505,207.68279970215934,2,569
147.56290672451192,564.7180043383948,1,570
353.9333826794967,207.69726128793485,2,570
147.42247191011236,565.1640449438203,1,571
353.8648849294729,207.72976985894582,2,571
147.3457627118644,565.1559322033899,1,572
353.82190760059615,207.78912071535024,2,572
147.44873208379272,564.7971334068358,1,573
353.6110701107011,208.04132841328413,2,573
147.42099447513812,564.7812154696132,1,574
353.64163568773233,207.8275092936803,2,574
147.23561946902655,564.9203539823009,1,575
353.6344725111441,207.84323922734026,2,575
147.1911111111111,565.0333333333333,1,576
353.61971830985914,207.7842846553002,2,576
146.72241579558653,565.6248548199768,1,577
353.50475493782005,208.1031455742502,2,577
146.70140515222482,565.7728337236534,1,578
353.3705293276109,208.5286123032904,2,578
146.18301435406698,565.8444976076555,1,579
353.14911660777386,208.81060070671379,2,579
145.693094629156,566.2826086956521,1,580
352.91143654114364,209.1178521617852,2,580
145.36107382550335,566.4523489932886,1,581
352.8299510146956,209.1553533939818,2,581
145.22589167767504,566.2496697490093,1,582
352.8040730337079,209.20926966292134,2,582
145.46726572528883,565.6829268292682,1,583
352.945866861741,208.7527432333577,2,583
145.74375,565.23125,1,584
353.23277182235836,207.74502297090353,2,584
145.6920245398773,564.882208588957,1,585
353.2592885375494,206.2411067193676,2,585
145.63503649635035,564.6423357664233,1,586
353.26477541371156,205.4775413711584,2,586
145.21723300970874,564.5740291262136,1,587
353.38564668769715,204.891167192429,2,587
144.955421686747,564.5204819277109,1,588
353.55298804780875,204.31075697211156,2,588
144.72162485065712,564.6212664277181,1,589
353.90675241157555,203.86012861736336,2,589
144.5,564.5167865707434,1,590
354.02075019952116,203.43814844373503,2,590
144.44660194174756,564.5898058252427,1,591
354.42233009708735,203.13430420711975,2,591
144.10974106041922,564.7657213316893,1,592
354.55357142857144,203.07873376623377,2,592
143.7889317889318,565.3268983268983,1,593
354.634008097166,203.03643724696357,2,593
143.62402088772845,565.4138381201044,1,594
354.67099918765234,202.82859463850528,2,594
143.45963541666666,565.25390625,1,595
354.63954434499595,202.68104149715217,2,595
142.91711229946523,565.4625668449198,1,596
354.7745901639344,202.44016393442624,2,596
141.97078353253653,566.1766268260292,1,597
354.71311475409834,202.35491803278688,2,597
141.33764553686933,566.6351875808538,1,598
354.7315875613748,202.37643207855973,2,598
140.69712140175218,566.6245306633292,1,599
354.74080130825837,202.38838920686837,2,599
140.47093712930013,566.5124555160143,1,600
354.8892534864643,202.36997538966367,2,600
139.98514285714285,566.848,1,601
354.75767366720515,202.62358642972535,2,601
139.66520307354554,566.4884742041712,1,602
354.8771084337349,202.6730923694779,2,602
139.53862433862435,566.0507936507937,1,603
354.8112609040444,203.02616970658207,2,603
139.58865979381443,565.558762886598,1,604
354.64965197215776,203.45166279969064,2,604
139.5587044534413,564.998987854251,1,605
354.64302416212,203.60483242400625,2,605
139.0019920318725,564.4810756972112,1,606
354.69718309859155,203.5907668231612,2,606
138.6529411764706,563.9245098039215,1,607
354.6625,203.609375,2,607
138.57142857142858,563.5928085519922,1,608
354.67056074766356,203.7289719626168,2,608
138.24521072796935,563.0613026819923,1,609
354.72353870458136,203.34202211690362,2,609
138.09187620889747,562.5290135396518,1,610
354.7806451612903,202.8709677419355,2,610
137.96868884540118,561.6272015655577,1,611
354.80392156862746,202.54656862745097,2,611
138.1162109375,560.3408203125,1,612
354.7691673536686,202.36933223413027,2,612
138.08357915437563,558.0816125860374,1,613
354.8411522633745,202.31604938271605,2,613
137.5832531280077,556.7545717035612,1,614
354.85901639344263,202.40327868852458,2,614
136.2767232767233,555.8001998001998,1,615
354.867816091954,202.38013136288998,2,615
134.43509127789048,556.0223123732252,1,616
354.87408013082586,202.37857726901063,2,616
133.91922290388547,556.0419222903886,1,617
354.8982772764561,202.2904019688269,2,617
133.75942915392457,555.6890927624872,1,618
354.92124692370794,202.1755537325677,2,618
133.83967112024666,555.3514902363823,1,619
354.9695473251029,202.1366255144033,2,619
133.69479166666667,555.378125,1,620
355.00329489291596,202.06754530477758,2,620
133.79324894514767,555.0854430379746,1,621
354.8998371335505,201.94462540716611,2,621
133.7577706323687,555.4062165058949,1,622
354.87469287469287,201.84684684684686,2,622
133.86680988184747,555.4586466165414,1,623
354.91346938775513,201.8922448979592,2,623
133.81445523193096,555.546925566343,1,624
354.9061488673139,202.03559870550163,2,624
133.8562162162162,555.3589189189189,1,625
354.6495176848875,202.2459807073955,2,625
134.02980132450332,555.326710816777,1,626
354.74799357945426,202.29935794542536,2,626
134.25692137320044,555.3344407530454,1,627
354.72977346278316,202.16181229773463,2,627
134.2580287929125,555.3344407530454,1,628
354.80634662327094,202.05858421480877,2,628
134.2580287929125,555.3344407530454,1,629
354.8356500408831,201.97710547833196,2,629
134.26193118756936,555.4095449500555,1,630
354.8112745098039,201.91503267973857,2,630
134.24528301886792,555.4350721420644,1,631
354.812091503268,201.93872549019608,2,631
134.24191750278706,555.4905239687848,1,632
354.7779591836735,201.96163265306123,2,632
134.1890380313199,555.6498881431768,1,633
354.739837398374,202.07235772357723,2,633
134.2685393258427,555.6438202247191,1,634
354.78285714285715,202.08326530612246,2,634
134.2371364653244,555.5928411633109,1,635
354.82910874897794,202.0801308258381,2,635
134.23180291153415,555.6136618141097,1,636
354.86192810457516,202.11601307189542,2,636
134.2304250559284,555.6767337807606,1,637
354.88091353996737,202.18026101141925,2,637
134.28248587570621,555.7254237288136,1,638
354.8973941368078,202.20521172638436,2,638
134.2817059483726,555.7037037037037,1,639
354.89632653061227,202.17714285714285,2,639
134.28058361391695,555.7149270482604,1,640
354.9375,201.99917763157896,2,640
134.21836506159013,555.7166853303471,1,641
354.98598516075845,201.8845836768343,2,641
134.24471635150167,555.5383759733037,1,642
355.0342522974102,201.72096908939014,2,642
134.24860646599777,555.628762541806,1,643
355.0392320534224,201.7153589315526,2,643
134.24860646599777,555.628762541806,1,644
355.0083682008368,201.67615062761507,2,644
134.26771653543307,555.7637795275591,1,645
354.9766081871345,201.68504594820385,2,645
134.33295711060947,555.7810383747178,1,646
354.99162479061977,201.6532663316583,2,646
134.18842224744608,555.8410896708286,1,647
355.071189279732,201.67420435510888,2,647
134.13636363636363,555.8193181818182,1,648
355.0560669456067,201.69037656903765,2,648
134.15182648401827,555.851598173516,1,649
355.01174496644296,201.69463087248323,2,649
134.10069444444446,556.1689814814815,1,650
355.01508801341157,201.70578373847442,2,650
134.08460634547592,556.4712103407755,1,651
355.0100418410042,201.70041841004183,2,651
134.21502890173412,556.2161849710983,1,652
355.0217209690894,201.7268170426065,2,652
134.3915525114155,555.9052511415525,1,653
355.03990024937656,201.83956774729842,2,653
134.44144144144144,555.7623873873874,1,654
355.0603305785124,201.98264462809917,2,654
134.4927536231884,555.5484949832776,1,655
355.02640264026405,202.05115511551156,2,655
134.49386845039018,555.6276477146042,1,656
354.9315960912052,202.45195439739413,2,656
134.47542857142858,556.0514285714286,1,657
354.84752635847525,202.64476885644768,2,657
134.56670602125146,556.4769775678867,1,658
354.64768104149715,202.60781122864117,2,658
134.1844416562108,557.267252195734,1,659
354.3867848509267,202.81869460112813,2,659
134.1267787839586,557.5239327296248,1,660
354.2593495934959,202.95934959349594,2,660
134.02910052910053,557.3981481481482,1,661
354.1783960720131,202.98199672667758,2,661
134.03439153439155,557.5753968253969,1,662
353.8199672667758,202.87888707037644,2,662
134.34550195567144,557.6310299869622,1,663
353.5898058252427,203.2532362459547,2,663
134.33333333333334,557.4254215304799,1,664
353.54330065359477,203.58741830065358,2,664
134.25032258064516,557.4670967741936,1,665
353.4793729372937,203.50412541254124,2,665
134.3281045751634,557.7620915032679,1,666
353.5197693574959,203.57084019769357,2,666
134.8455497382199,557.7041884816754,1,667
353.6607574536664,204.0692989524577,2,667
134.8383152173913,558.2853260869565,1,668
354.54299754299757,204.4029484029484,2,668
135.17373461012312,558.5923392612859,1,669
355.173735725938,204.73572593800978,2,669
135.71770972037282,558.1158455392809,1,670
355.4315619967794,205.4855072463768,2,670
135.91709844559585,557.7046632124352,1,671
355.7564935064935,205.51217532467533,2,671
136.20646766169153,557.068407960199,1,672
356.05387755102043,205.64897959183673,2,672
136.5360946745562,556.3940828402367,1,673
356.3313807531381,206.0041841004184,2,673
136.64519906323184,556.1580796252928,1,674
356.77330895795245,204.91042047531994,2,674
136.95195530726258,555.3731843575418,1,675
356.59530516431926,204.4131455399061,2,675
137.52380952380952,554.9361471861472,1,676
356.0950141110066,204.22953904045156,2,676
137.89137380191693,554.5463258785943,1,677
355.6831588962892,204.42150333016176,2,677
138.22649572649573,554.3696581196581,1,678
355.84295845997974,203.62208713272543,2,678
138.50752688172042,554.1870967741935,1,679
355.7023575638507,204.03143418467585,2,679
138.89644012944984,553.957928802589,1,680
354.72701421800946,204.5478672985782,2,680
139.00438596491227,554.2467105263158,1,681
354.37845567206864,204.41086749285034,2,681
139.83668903803132,553.761744966443,1,682
354.5904203323558,204.25513196480938,2,682
140.78013392857142,553.3058035714286,1,683
354.3628230616302,204.08648111332008,2,683
141.8335135135135,553.0227027027028,1,684
354.19188921859546,204.23936696340257,2,684
142.1866527632951,553.0375391032326,1,685
354.06496062992125,204.14665354330708,2,685
142.21004098360655,552.4159836065573,1,686
354.23131313131313,203.91414141414143,2,686
141.69495166487647,551.625134264232,1,687
354.4765702891326,204.44765702891326,2,687
140.54978354978354,552.0887445887446,1,688
354.42318567389253,205.44674835061264,2,688
140.17489270386267,552.1341201716738,1,689
354.7085201793722,206.51031390134528,2,689
140.02962962962962,552.4677248677249,1,690
355.1700680272109,207.3843537414966,2,690
140.0587002096436,552.4538784067086,1,691
355.5332785538209,208.01232539030403,2,691
140.4933196300103,552.0976361767729,1,692
355.86291600633916,208.65768621236134,2,692
141.10887096774192,551.3538306451613,1,693
356.08192955589584,208.76110260336907,2,693
141.70647773279353,550.921052631579,1,694
355.78115727002967,209.0786350148368,2,694
142.08383838383838,550.2707070707071,1,695
355.9868613138686,209.34744525547444,2,695
142.14755732801595,549.9262213359921,1,696
356.25199709513436,209.4640522875817,2,696
142.35311572700297,549.646884272997,1,697
356.76940467219293,209.0105501130369,2,697
142.5163528245788,549.6610505450941,1,698
356.9634525660964,208.71772939346812,2,698
142.4191616766467,549.874251497006,1,699
357.1007194244604,208.4052757793765,2,699
142.29285714285714,550.2714285714286,1,700
357.2921161825726,207.8423236514523,2,700
142.40329218106996,550.477366255144,1,701
357.3126593033135,207.57774001699235,2,701
142.32340862422998,550.6201232032854,1,702
357.4642857142857,207.25087108013938,2,702
142.2854188210962,550.894519131334,1,703
357.57824933687004,206.91865605658708,2,703
142.29599177800617,550.9640287769785,1,704
357.95652173913044,206.80212954747117,2,704
142.26577042399174,550.9865563598759,1,705
358.4005400540054,206.6039603960396,2,705
142.03560209424083,551.0303664921466,1,706
358.655013799448,206.0588776448942,2,706
142.0678496868476,550.9373695198329,1,707
359.16973811833174,205.635305528613,2,707
141.81576144834932,551.0958466453674,1,708
359.3860696517413,205.47761194029852,2,708
141.74438502673797,551.007486631016,1,709
359.2784552845528,204.91768292682926,2,709
141.90572033898306,550.8188559322034,1,710
359.2567132116004,204.6423200859291,2,710
141.96927966101694,550.8135593220339,1,711
358.85904550499447,204.57158712541622,2,711
141.91235480464624,550.8511087645195,1,712
358.46983758700696,204.40603248259862,2,712
141.94920634920635,550.8232804232804,1,713
357.85865724381625,204.50058892815076,2,713
141.65347593582888,550.9989304812834,1,714
357.60259433962267,204.47169811320754,2,714
141.46637744034706,551.2494577006507,1,715
356.93837209302325,204.23720930232557,2,715
141.47774158523345,551.2595005428882,1,716
356.32356257046223,203.71025930101464,2,716
141.70537634408603,551.1161290322581,1,717
356.1248654467169,203.52529601722281,2,717
141.82747603833866,551.0990415335464,1,718
355.9197154471545,203.23272357723576,2,718
141.85653560042508,550.9978746014878,1,719
355.8471337579618,203.4385805277525,2,719
141.92659574468084,550.9510638297872,1,720
355.5166524338172,203.4269854824936,2,720
141.966065747614,550.9183457051962,1,721
354.6071126164268,203.0372565622354,2,721
141.96072186836517,550.9373673036093,1,722
353.41565217391303,202.1617391304348,2,722
142.10642781875657,550.795574288725,1,723
352.5640167364017,201.88619246861924,2,723
142.16054564533053,550.7502623294858,1,724
352.0671031096563,202.2454991816694,2,724
142.34647302904565,550.7800829875519,1,725
351.7,202.5832,2,725
142.1979057591623,550.9832460732985,1,726
351.34200157604414,203.05043341213553,2,726
142.36656282450676,550.9065420560747,1,727
350.71981424148606,203.79798761609908,2,727
142.44157187176836,550.841778697001,1,728
350.50678733031674,204.3921568627451,2,728
142.59076923076924,550.6933333333334,1,729
350.4757281553398,205.25616131441373,2,729
142.69815195071868,550.493839835729,1,730
350.7425373134328,205.82910447761193,2,730
143.2014098690836,550.3464249748238,1,731
351.0885692657078,205.7539742619228,2,731
143.27318045862413,550.4416749750748,1,732
351.14187643020597,205.61250953470633,2,732
143.49253731343285,550.7303482587065,1,733
351.05255023183923,205.5193199381762,2,733
143.60990099009902,550.829702970297,1,734
350.9900839054157,205.60259344012204,2,734
143.53884462151393,551.0478087649402,1,735
351.1240428790199,205.31087289433384,2,735
143.34072580645162,551.2943548387096,1,736
351.28692962103634,205.1307037896365,2,736
143.34712411705348,551.3097880928356,1,737
351.2575875486381,205.0614785992218,2,737
143.4679358717435,551.2555110220441,1,738
351.3526192337764,204.91008600469115,2,738
143.69970267591674,551.3002973240832,1,739
351.3785046728972,204.90965732087227,2,739
143.8921568627451,551.3225490196079,1,740
351.3969111969112,205.04247104247105,2,740
143.79446640316206,551.6077075098814,1,741
351.1915852742299,205.50262960180316,2,741
143.94017946161514,551.9252243270189,1,742
350.9449404761905,205.7217261904762,2,742
144.41885325558795,551.8775510204082,1,743
350.73750932140194,205.69202087994034,2,743
145.36176194939083,551.7966260543581,1,744
350.6565507031828,205.90895632864544,2,744
146.4538043478261,551.5461956521739,1,745
350.49554896142433,206.38575667655786,2,745
148.23163353500433,550.9204840103716,1,746
350.3539493293592,206.93293591654248,2,746
150.9871589085072,550.0698234349919,1,747
350.3996983408748,207.17420814479638,2,747
154.68,548.6723076923076,1,748
350.6006144393241,207.53302611367127,2,748
159.2820133234641,547.8282753515914,1,749
350.96481626270526,207.42845973416732,2,749
164.8443113772455,547.625,1,750
351.0375293197811,207.39640344018764,2,750
171.46349206349205,547.615873015873,1,751
351.26114151681,207.45113369820172,2,751
177.81774580335733,547.2054356514789,1,752
351.0153491941673,207.703760552571,2,752
184.88871096877503,545.1008807045637,1,753
350.7535903250189,207.97354497354496,2,753
190.94503691550452,543.4971287940936,1,754
350.2018004501125,208.32408102025505,2,754
195.2528641571195,542.7798690671032,1,755
349.78309648466717,208.89827973074046,2,755
199.7972456006121,542.9181331293038,1,756
349.7189642041127,209.15308453922316,2,756
205.55672426746807,542.8745304282494,1,757
350.07515337423314,209.3819018404908,2,757
212.4559155990957,542.6752072343633,1,758
350.0840336134454,209.3659281894576,2,758
220.71701112877582,541.9451510333863,1,759
350.2842835130971,209.2557781201849,2,759
227.6123417721519,539.756329113924,1,760
350.2574942352037,209.32436587240585,2,760
234.4026792750197,537.3490937746257,1,761
350.31870669745956,209.28637413394918,2,761
240.896499238965,536.1697108066971,1,762
350.29783950617286,209.26774691358025,2,762
246.00843558282207,536.5812883435583,1,763
350.1977011494253,209.39386973180078,2,763
251.13338357196685,537.251695553881,1,764
350.1429663608563,209.4388379204893,2,764
256.26018099547514,538.1968325791855,1,765
350.13063407181056,209.4461420932009,2,765
260.75743707093824,538.5087719298245,1,766
350.0718105423988,209.50496562261267,2,766
265.5471100554236,538.5336500395883,1,767
350.1010719754977,209.46094946401226,2,767
269.96194331983804,536.9352226720648,1,768
350.1250959324635,209.40214888718342,2,768
273.77584846093134,534.457774269929,1,769
350.16730621642364,209.4006139677667,2,769
275.3094705443699,533.9813571961223,1,770
350.23941493456505,209.3418013856813,2,770
278.0023400936037,533.5624024960998,1,771
350.1742133537989,209.41212586339216,2,771
279.60890302066775,533.7774244833068,1,772
350.2019969278034,209.43394777265746,2,772
280.93720190779015,534.3441971383148,1,773
350.0548780487805,209.5830792682927,2,773
282.23671875,534.98203125,1,774
349.89733840304183,209.62433460076045,2,774
284.367269984917,536.3137254901961,1,775
349.97162576687117,209.57438650306747,2,775
287.472647702407,538.4886943836616,1,776
349.95785440613025,209.5662835249042,2,776
291.11185185185184,540.6014814814815,1,777
350.1011583011583,209.44864864864866,2,777
294.81259484066766,542.0880121396054,1,778
350.14649190439474,209.43562066306862,2,778
299.35521235521236,542.83861003861,1,779
350.27867590454196,209.4495765973826,2,779
303.07878315132604,542.2121684867394,1,780
350.277519379845,209.35581395348837,2,780
306.65257494235203,541.0906994619523,1,781
350.2242846094354,209.37896365042536,2,781
308.94108645753636,540.5723029839327,1,782
349.7638152914459,209.71839515518548,2,782
311.76381104883905,539.9783827061649,1,783
349.78799392097267,209.62765957446808,2,783
313.32371794871796,539.9679487179487,1,784
349.7501898253607,209.67046317388002,2,784
314.99838579499595,540.9499596448749,1,785
349.5386927122464,209.87678437265214,2,785
315.87417763157896,541.9629934210526,1,786
349.53944402704735,209.87678437265214,2,786
317.11426188490407,543.7881567973311,1,787
349.7168811506435,209.70855412566237,2,787
319.00434404865337,543.9391833188532,1,788
350.2305900621118,209.2950310559006,2,788
320.3033605812897,542.5658492279746,1,789
350.3247663551402,209.2390965732087,2,789
321.12511170688117,541.9731903485255,1,790
350.45184025058734,209.11511354737667,2,790
321.9442022667829,542.2101133391456,1,791
350.63399209486164,208.89565217391305,2,791
322.52453166815343,542.5869759143621,1,792
350.6045777426993,208.91397000789266,2,792
323.50045248868776,543.1628959276018,1,793
350.4964705882353,209.0235294117647,2,793
325.50397877984085,543.7948717948718,1,794
350.5231736056559,208.9984289080911,2,794
326.5305410122164,543.8682373472949,1,795
350.5231736056559,208.9984289080911,2,795
327.3846815834768,543.6290877796902,1,796
350.5365278868814,208.88845247446974,2,796
327.6669542709232,543.1509922346851,1,797
350.5887924230466,208.79005524861878,2,797
327.70740410347906,543.1846565566459,1,798
350.6332807570978,208.75315457413248,2,798
327.7916295636687,543.7782724844168,1,799
350.5708692247455,208.91229444009397,2,799
328.0531622364803,544.820348304308,1,800
350.57927786499215,208.84772370486655,2,800
327.98797409805735,546.3358001850139,1,801
350.5537254901961,208.87529411764706,2,801
328.2829313543599,547.9387755102041,1,802
350.55058823529413,208.87686274509804,2,802
328.13257575757575,548.8238636363636,1,803
350.5278431372549,208.90588235294118,2,803
328.19731800766283,549.6551724137931,1,804
350.2673421667966,208.96024941543257,2,804
328.71455756422455,550.7174119885823,1,805
350.59604743083,208.70909090909092,2,805
328.9485981308411,551.2242990654206,1,806
350.6496465043205,208.60329929300863,2,806
329.1124648547329,551.3223992502343,1,807
350.6616954474097,208.44348508634224,2,807
329.46460980036295,551.3003629764065,1,808
350.63834762275917,208.44816835541698,2,808
330.0864960282436,551.3795233892321,1,809
350.5990712074303,208.4496904024768,2,809
331.0777113578138,551.600341588386,1,810
350.3184957789716,208.53491941673062,2,810
332.0437293729373,551.7582508250825,1,811
350.0550879877582,208.35730680948737,2,811
331.94732641660016,550.8387869114126,1,812
349.3277693474962,208.6062215477997,2,812
331.1939586645469,549.181240063593,1,813
348.9352351580571,209.02775636083268,2,813
330.9304347826087,547.4458498023715,1,814
348.33714721586574,209.28070175438597,2,814
329.49482071713146,545.3362549800797,1,815
347.68812260536396,209.77088122605363,2,815
327.969205834684,543.4124797406807,1,816
347.4856921887084,210.04098994586232,2,816
326.4862842892768,542.3233582709892,1,817
347.47546012269936,210.034509202454,2,817
325.8511354079058,541.780487804878,1,818
347.5143078112916,209.91724671307037,2,818
325.9125,541.535,1,819
347.852871754524,209.78048780487805,2,819
325.9201995012469,541.2460515378222,1,820
348.48348106365836,209.52538275584206,2,820
325.5776658270361,540.8429890848026,1,821
348.9294975688817,209.40842787682334,2,821
325.46621043627033,540.5603079555175,1,822
348.69101123595505,209.6043338683788,2,822
325.1267605633803,540.3213028169014,1,823
348.6860841423948,209.72815533980582,2,823
324.5774774774775,539.7576576576577,1,824
348.8126022913257,209.67430441898526,2,824
324.28689275893674,539.1622364802934,1,825
348.87530762920426,209.49220672682526,2,825
324.11610486891385,538.4756554307116,1,826
349.2378151260504,208.94957983193277,2,826
323.4567901234568,537.8490028490029,1,827
349.847577092511,208.32863436123347,2,827
322.89638783269965,537.3830798479088,1,828
350.5430879712747,207.6346499102334,2,828
322.4148837209302,536.2874418604652,1,829
350.36927223719675,207.6954177897574,2,829
321.81758034026467,535.9177693761815,1,830
350.3271111111111,207.88622222222222,2,830
320.8414634146341,535.077861163227,1,831
350.0853448275862,208.17586206896553,2,831
319.5877513711152,533.7842778793419,1,832
349.94449188727583,208.34073441502989,2,832
318.3560399636694,532.8719346049046,1,833
349.8122344944775,208.4214103653356,2,833
316.4972972972973,531.3702702702702,1,834
349.86472602739724,208.49486301369862,2,834
313.31700801424756,529.3357079252004,1,835
349.8090366581415,208.57971014492753,2,835
308.90135746606336,527.543891402715,1,836
349.74936278674596,208.65760407816484,2,836
303.09124767225325,525.9618249534451,1,837
349.97008547008545,208.54615384615386,2,837
298.03757225433526,524.747591522158,1,838
349.8885106382979,208.65617021276597,2,838
295.8085106382979,524.1334622823985,1,839
349.8501270110076,208.7078746824725,2,839
294.40881763527057,522.9589178356713,1,840
350.01702127659576,208.69872340425533,2,840
292.7629482071713,522.8276892430279,1,841
350.0085106382979,208.69531914893616,2,841
290.4761441090555,522.9776046738071,1,842
350.04936170212767,208.67659574468084,2,842
288.31219980787705,523.059558117195,1,843
350.07155025553664,208.7197614991482,2,843
286.0531813865147,522.8993352326686,1,844
350.0126689189189,208.88260135135135,2,844
284.2910927456382,522.791551882461,1,845
350.2175021240442,209.00764655904842,2,845
282.87778768956287,522.1846565566459,1,846
350.28776371308015,209.15864978902954,2,846
282.3514938488577,521.0175746924428,1,847
350.14808652246256,209.54575707154743,2,847
281.4243663123467,519.4979558462796,1,848
349.9778325123153,209.77093596059115,2,848
280.44940239043825,518.4557768924303,1,849
349.9468954248366,209.86192810457516,2,849
279.07540983606555,518.1844262295082,1,850
350.0415986949429,209.86867862969004,2,850
276.74486301369865,518.1010273972603,1,851
350.20098039215685,209.84967320261438,2,851
275.5368888888889,518.5653333333333,1,852
350.1497975708502,210.01538461538462,2,852
273.8566243194192,518.5508166969147,1,853
350.2418831168831,209.8944805194805,2,853
271.8011049723757,518.2651933701658,1,854
350.2700080840744,209.82538399353274,2,854
270.49630996309963,517.8976014760148,1,855
350.10871302957634,210.05355715427658,2,855
269.1265229615745,518.0028116213683,1,856
350.1198712791633,209.9549477071601,2,856
267.7176241480039,518.1178188899707,1,857
350.00239808153475,210.13589128697043,2,857
265.9908340971586,519.0210815765353,1,858
349.88146380270484,210.3890214797136,2,858
263.8705473501303,519.7471763683753,1,859
349.66692975532754,210.55090765588002,2,859
262.62436974789915,520.5865546218488,1,860
349.5121759622938,210.6331500392773,2,860
260.9837000814996,521.5973920130399,1,861
349.2879499217527,210.7190923317684,2,861
258.5043137254902,523.1435294117647,1,862
349.31508991399534,210.7130570758405,2,862
256.02260327357754,524.3811379579112,1,863
349.33542319749216,210.66379310344828,2,863
253.3412759415834,526.1906225980015,1,864
349.2020202020202,210.82750582750583,2,864
250.65714285714284,528.7521235521235,1,865
349.1854150504267,210.8743211792087,2,865
248.1822503961965,531.5721077654516,1,866
349.15581395348835,210.91472868217053,2,866
244.72643869891576,534.7339449541284,1,867
349.07473035439136,211.0084745762712,2,867
242.8679727427598,536.3364565587734,1,868
349.06707787201236,210.98997686969932,2,868
242.28194558944764,536.9010717230008,1,869
349.0378086419753,211.00694444444446,2,869
240.62346760070054,537.8432574430823,1,870
349.00925925925924,210.9375,2,870
240.02828467153284,539.1186131386861,1,871
348.9976726144298,210.8099301784329,2,871
238.76840215439856,541.2369838420108,1,872
348.94345468628967,210.87296669248644,2,872
237.01615646258503,543.5238095238095,1,873
349.07025761124123,210.72053083528493,2,873
235.6759410801964,545.1170212765958,1,874
349.29123914759276,210.5303867403315,2,874
234.81112019623876,546.5494685200327,1,875
349.28593872741556,210.52945797329144,2,875
234.23649754500818,547.4402618657938,1,876
349.22913385826774,210.59685039370078,2,876
233.79556650246306,547.9047619047619,1,877
349.28446909667196,210.44294770206022,2,877
233.5960591133005,547.8300492610838,1,878
349.09276729559747,210.37264150943398,2,878
233.76238455079766,547.303946263644,1,879
348.9607535321821,210.30690737833595,2,879
233.86610169491524,547.1381355932203,1,880
348.6910505836576,210.32684824902725,2,880
233.73887489504617,547.4995801847188,1,881
348.7316118935837,210.06885758998436,2,881
233.58919803600654,548.0073649754501,1,882
348.36285936285935,209.85858585858585,2,882
233.1329617834395,548.6464968152866,1,883
348.43149606299215,209.48031496062993,2,883
233.16389548693587,548.3507521773555,1,884
348.5088282504013,208.91653290529695,2,884
233.27402700555996,548.1040508339952,1,885
348.1294678316124,208.93566322478156,2,885
233.3482428115016,547.5750798722045,1,886
348.2438443208896,208.7537728355838,2,886
233.69608659450458,547.0283097418818,1,887
348.42603071948264,208.4591754244139,2,887
233.641652613828,546.6256323777403,1,888
348.1539695268645,208.3111467522053,2,888
233.69341216216216,546.2331081081081,1,889
348.2008064516129,208.21532258064516,2,889
233.5732430143946,545.9745977984759,1,890
348.56628477905076,208.13911620294598,2,890
233.23,546.1133333333333,1,891
348.87343880099917,208.11573688592838,2,891
233.2376569037657,545.871129707113,1,892
348.81907894736844,208.57483552631578,2,892
233.2038590604027,545.6954697986578,1,893
348.94093519278096,208.85561936013124,2,893
232.91235392320533,545.5918196994992,1,894
348.683698296837,209.20032441200325,2,894
232.35661462612984,545.8069022185703,1,895
349.0665083135392,209.28266033254158,2,895
231.85955056179776,545.9807383627608,1,896
348.8861347792409,209.69635941130906,2,896
231.66164817749603,546.0332805071315,1,897
349.62580128205127,209.42067307692307,2,897
231.16520351157223,546.683160415004,1,898
349.7621320604614,209.59665871121717,2,898
230.31840390879478,547.3745928338762,1,899
349.74369085173504,209.87460567823345,2,899
